<?xml version="1.0" encoding="UTF-8" standalone="yes"?>
<addon id="repository.BoongoTVRepo19" name="[COLOR mediumblue][B]BoongoTV[/B][/COLOR] [COLOR red][B]Repository[/B][/COLOR]" version="1.5" provider-name="[COLOR gold][B]ElectricalForce[/B][/COLOR]">
	<extension point="xbmc.addon.repository" name="BoongoTV Repository">
		<info compressed="false">https://raw.githubusercontent.com/ElectricalForceMK/repo/master/KODI/ZIP/addons.xml</info>
		<checksum>https://raw.githubusercontent.com/ElectricalForceMK/repo/master/KODI/ZIP/addons.xml.md5</checksum>
		<datadir zip="true">https://raw.githubusercontent.com/ElectricalForceMK/repo/master/KODI/ZIP/</datadir>
		<dir>
    <info compressed="false">https://raw.githubusercontent.com/Gujal00/smrzips/master/addons.xml</info>
    <checksum>https://raw.githubusercontent.com/Gujal00/smrzips/master/addons.xml.md5</checksum>
    <datadir zip="true">https://raw.githubusercontent.com/Gujal00/smrzips/master/zips/</datadir>
    </dir>
	</extension>
	<extension point="xbmc.addon.metadata">
		<summary>BoongoTV Repository</summary>
		<description>[COLOR gold]The Future Of Home Entertainment[/COLOR][CR]Kodi Repository for [COLOR steelblue]BoongoTV[/COLOR][CR][COLOR gold][B]ElectricalForce[/B][/COLOR] [COLOR white]Repo[/COLOR] allows you to install the BoongoTV WIZARD where you can get access to the latest BoongoTV Custom Builds and more.</description>
		<platform>all</platform>
		<assets>
            <icon>icon.png</icon>
            <fanart>fanart.jpg</fanart>
     </assets>
	</extension>
</addon>