<?xml version="1.0" encoding="UTF-8" standalone="yes"?>
<addon id="plugin.program.BoongoTV.Wizard" name="[COLOR mediumblue][B]BoongoTV[/B][/COLOR] [COLOR red][B]Wizard[/B][/COLOR]" version="1.0.5" provider-name="[COLOR gold][B]ElectricalForce[/B][/COLOR]">
  <requires>
        <import addon="xbmc.python" version="3.0.0"/>
        <import addon="script.module.six" />
        <import addon="script.module.kodi-six" />
  </requires>
  <extension point="xbmc.python.pluginsource" library="default.py">
    <provides>executable</provides>
  </extension>
  <extension point="xbmc.service" library="startup.py" start="startup" />
    <extension point="xbmc.addon.metadata">
        <summary lang="en">[COLOR mediumblue]BoongoTV[/COLOR] [COLOR red]Wizard[/COLOR]</summary>
        <description lang="en">[COLOR gold]The Future Of Home Entertainment[/COLOR][CR]Kodi Repository for [COLOR steelblue]BoongoTV[/COLOR][CR][COLOR gold][B]ElectricalForce[/B][/COLOR] [COLOR white]Repo[/COLOR] allows you to install the BoongoTV WIZARD where you can get access to the latest BoongoTV Custom Builds and more.</description>
        <platform>all</platform>
        <license>GNU GENERAL PUBLIC LICENSE. Version 3, 29 June 2007</license>
        <disclaimer lang="en">The author of this addon do not host any of the content which is found and have no affiliation with any of the content providers. This addon simply searches websites for content. Use at your own risk!</disclaimer>
        <assets>
            <icon>icon.png</icon>
            <fanart>fanart.jpg</fanart>
            <screenshot>resources/art/ss/1.png</screenshot>
            <screenshot>resources/art/ss/2.png</screenshot>
            <screenshot>resources/art/ss/3.png</screenshot>
        </assets>
    </extension>
</addon>