<?xml version="1.0" encoding="UTF-8" standalone="yes"?>
<addon id="plugin.program.BoongoTV.Wizard" name="[COLOR mediumblue][B]BoongoTV[/B][/COLOR] [COLOR red][B]Wizard[/B][/COLOR]" version="0.0.2" provider-name="[COLOR gold][B]ElectricalForce[/B][/COLOR]">
	<requires>
		<import addon="xbmc.python" version="3.0.0"/>
		<import addon="script.module.requests" optional="true" />
	</requires>
	<extension point="xbmc.python.pluginsource" library="addon.py">
		<provides>executable</provides>
	</extension>
	<extension point="xbmc.service" library="service.py" />
	<extension point="xbmc.addon.metadata">
		<summary lang="en_GB">[COLOR mediumblue][B]BoongoTV[/B][/COLOR] [COLOR red][B]Wizard[/COLOR]</summary>
		<description lang="en_GB">[COLOR gold]The Future Of Home Entertainment[/COLOR][CR]Kodi Repository for [COLOR steelblue]BoongoTV[/COLOR][CR][COLOR gold][B]ElectricalForce[/B][/COLOR] [COLOR white]Repo[/COLOR] allows you to install the BoongoTV WIZARD where you can get access to the latest BoongoTV Custom Builds and more.</description>
		<disclaimer lang="en_GB"></disclaimer>
		<language>en</language>
		<platform>all</platform>
		<license>GPL-2.0-or-later</license>
		<forum></forum>
		<website></website> 
		<email></email>
		<source></source>
		<news>
		</news>
		<assets>
				<icon>resources/icon.png</icon>
				<fanart>resources/fanart.jpg</fanart>
				<banner></banner>
				<clearlogo></clearlogo>
				<screenshot></screenshot>
		</assets>
	</extension>
</addon>